"Method","3 months","6 months","9 months","12 months","Weighted episodes","Unweighted entering month 1","Unweighted at risk month 12","Sample support"
"Injectables",15.9156085991744,24.8866184141584,33.714279564404,43.3494433932413,6262.577696,4272,2224,"Adequate for an all-cause estimate; still inspect CI"
"Implants",4.43548200289751,7.61327979149614,9.87011619888338,15.3512228693693,2566.74974,2220,1762,"Adequate for an all-cause estimate; still inspect CI"
"Pill",36.0249585278766,49.896039243021,55.4813052803076,64.9731527487035,943.74873,785,215,"Adequate for an all-cause estimate; still inspect CI"
"IUD",6.38001926169867,8.80309758887661,13.198782824946,24.5920307541056,174.179704,150,104,"Adequate for an all-cause estimate; still inspect CI"
"Rhythm method",13.4491703198903,16.8810423539178,20.4218834053087,30.3660844552785,196.212475,161,108,"Adequate for an all-cause estimate; still inspect CI"
"LAM",4.29808326577967,26.523037090154,28.8687219088634,35.2628934220206,97.781462,173,90,"Adequate for an all-cause estimate; still inspect CI"
"Emergency contraception",71.2046882350396,76.9359249458609,79.5918278191553,86.8448868054963,195.643219,160,22,"Insufficient at one endpoint (<25); suppress or aggregate"
"Other sparse methods",22.4228798845102,29.7601219384576,31.5344893261105,33.1242486678971,140.745351,139,70,"Adequate for an all-cause estimate; still inspect CI"
"All methods",15.9526331808836,23.7560807631135,30.2478799067269,38.6454076759384,10577.638377,8060,4595,"Adequate for an all-cause estimate; still inspect CI"
