"Reason","Discontinued method","Month","Reinitiated (%)","Pregnancy before reinitiation (%)","No observed event (%)","Eligible episodes (unweighted)","Eligible episodes (weighted)"
"Method failure","Injectables",1,0.221123904969913,84.5738150940559,15.2050610009742,59,70.518382
"Method failure","Injectables",3,0.8704056766362,95.1066333314341,4.02296099192974,59,70.518382
"Method failure","Injectables",6,1.81646680435748,95.1066333314341,3.07689986420846,59,70.518382
"Method failure","Injectables",12,1.81646680435748,95.6671524312625,2.51638076437999,59,70.518382
"Desire to become pregnant","Injectables",1,0.829897948339884,11.0718744847138,88.0982275669463,1354,1829.675086
"Desire to become pregnant","Injectables",3,4.23581206264509,32.0757781799954,63.6884097573595,1354,1829.675086
"Desire to become pregnant","Injectables",6,5.85361734373019,49.182929818466,44.9634528378038,1354,1829.675086
"Desire to become pregnant","Injectables",12,8.00082124656532,66.4088406878989,25.5903380655357,1354,1829.675086
"Other fertility-related reasons","Injectables",1,1.61574082292824,0.849383449603448,97.5348757274683,266,338.712863
"Other fertility-related reasons","Injectables",3,12.194832116547,1.22872422474254,86.5764436587104,266,338.712863
"Other fertility-related reasons","Injectables",6,17.1257479729885,2.29034761852273,80.5839044084888,266,338.712863
"Other fertility-related reasons","Injectables",12,26.7606159615396,3.34562647567688,69.8937575627835,266,338.712863
"Changes in menstrual bleeding","Injectables",1,16.474011920691,2.44505576278034,81.0809323165287,217,261.614197
"Changes in menstrual bleeding","Injectables",3,31.9865729610997,5.36235653908339,62.651070499817,217,261.614197
"Changes in menstrual bleeding","Injectables",6,37.6959433617483,7.59431340566845,54.7097432325833,217,261.614197
"Changes in menstrual bleeding","Injectables",12,52.5052158708932,18.5152497465748,28.979534382532,217,261.614197
"Other side effects/health concerns","Injectables",1,9.03679401537205,8.89028907899822,82.0729169056297,205,250.343783
"Other side effects/health concerns","Injectables",3,16.0168395314215,12.0736359568394,71.9095245117391,205,250.343783
"Other side effects/health concerns","Injectables",6,19.8484774511023,16.8647434118202,63.2867791370775,205,250.343783
"Other side effects/health concerns","Injectables",12,31.859527999291,28.6645396096258,39.4759323910831,205,250.343783
"Wanted more effective method","Injectables",1,46.8609946718249,4.97105307967958,48.1679522484955,352,473.061032
"Wanted more effective method","Injectables",3,60.5284250088052,5.87354994820203,33.5980250429928,352,473.061032
"Wanted more effective method","Injectables",6,67.8399794216484,6.35618671220936,25.8038338661423,352,473.061032
"Wanted more effective method","Injectables",12,74.4428202516809,7.2225451297943,18.3346346185248,352,473.061032
"Other method-related reasons","Injectables",1,24.5858943410019,5.13165113262861,70.2824545263694,346,372.413469
"Other method-related reasons","Injectables",3,39.0058349366521,9.7215415159971,51.2726235473508,346,372.413469
"Other method-related reasons","Injectables",6,41.9764316691079,15.6740485063138,42.3495198245783,346,372.413469
"Other method-related reasons","Injectables",12,45.8259240770092,24.9015056178642,29.2725703051266,346,372.413469
"Husband/partner disapproved","Injectables",1,0.410180549170937,24.2603011429805,75.3295183078486,28,33.787804
"Husband/partner disapproved","Injectables",3,1.04303316072273,25.615414366675,73.3415524726022,28,33.787804
"Husband/partner disapproved","Injectables",6,4.50957820245943,27.8784618211945,67.611959976346,28,33.787804
"Husband/partner disapproved","Injectables",12,19.4266546663497,39.9256565138772,40.6476888197731,28,33.787804
"Other reasons","Injectables",1,5.94073482490932,5.71202583755529,88.3472393375354,175,162.75224
"Other reasons","Injectables",3,35.3330067838083,8.19738087783001,56.4696123383617,175,162.75224
"Other reasons","Injectables",6,43.0441158647316,11.1342853535048,45.8215987817636,175,162.75224
"Other reasons","Injectables",12,51.2498248228135,15.3962680405449,33.3539071366416,175,162.75224
"Method failure","Implants",1,0,100,0,5,8.645971
"Method failure","Implants",3,0,100,0,5,8.645971
"Method failure","Implants",6,0,100,0,5,8.645971
"Method failure","Implants",12,0,100,0,5,8.645971
"Desire to become pregnant","Implants",1,0.964606326005645,15.3123114808028,83.7230821931916,579,562.615116
"Desire to become pregnant","Implants",3,6.37111676892805,33.9189222921625,59.7099609389094,579,562.615116
"Desire to become pregnant","Implants",6,7.13393730344182,49.5483794217368,43.3176832748214,579,562.615116
"Desire to become pregnant","Implants",12,8.38625937362773,66.289801818593,25.3239388077793,579,562.615116
"Other fertility-related reasons","Implants",1,1.73147148023007,0,98.2685285197699,49,40.4579
"Other fertility-related reasons","Implants",3,2.74974973985303,0.886049448933336,96.3642008112136,49,40.4579
"Other fertility-related reasons","Implants",6,12.7464153179649,0.886049448933336,86.3675352331018,49,40.4579
"Other fertility-related reasons","Implants",12,15.4569201914418,1.22352715417741,83.3195526543808,49,40.4579
"Changes in menstrual bleeding","Implants",1,9.78381889518339,0.95935719614929,89.2568239086673,58,49.7259
"Changes in menstrual bleeding","Implants",3,31.0086795814656,12.4975214123827,56.4937990061517,58,49.7259
"Changes in menstrual bleeding","Implants",6,49.2463153927599,13.264715168554,37.4889694386861,58,49.7259
"Changes in menstrual bleeding","Implants",12,50.5368904972117,17.9980909113811,31.4650185914072,58,49.7259
"Other side effects/health concerns","Implants",1,27.1312822643359,5.72119508663829,67.1475226490258,146,143.721965
"Other side effects/health concerns","Implants",3,42.8458934582477,9.38322753936742,47.7708790023849,146,143.721965
"Other side effects/health concerns","Implants",6,44.5739987347761,14.5750035485425,40.8509977166815,146,143.721965
"Other side effects/health concerns","Implants",12,50.6461221270742,18.3380913156352,31.0157865572906,146,143.721965
"Wanted more effective method","Implants",1,49.0818664634455,1.96904010490632,48.9490934316482,158,173.218158
"Wanted more effective method","Implants",3,66.3853578214358,6.73354233451668,26.8810998440475,158,173.218158
"Wanted more effective method","Implants",6,71.8926603784364,11.0757828869697,17.0315567345939,158,173.218158
"Wanted more effective method","Implants",12,75.7123882954585,12.0255788179362,12.2620328866053,158,173.218158
"Other method-related reasons","Implants",1,21.9375649411119,5.07351203946788,72.9889230194202,151,135.078146
"Other method-related reasons","Implants",3,28.8761233071706,9.97712835057715,61.1467483422522,151,135.078146
"Other method-related reasons","Implants",6,35.2514062861896,13.9731729171804,50.7754207966299,151,135.078146
"Other method-related reasons","Implants",12,40.2646220823381,32.2756807355262,27.4596971821356,151,135.078146
"Husband/partner disapproved","Implants",1,52.257374559863,0,47.742625440137,5,3.449494
"Husband/partner disapproved","Implants",3,52.257374559863,0,47.742625440137,5,3.449494
"Husband/partner disapproved","Implants",6,52.257374559863,0,47.742625440137,5,3.449494
"Husband/partner disapproved","Implants",12,52.257374559863,0,47.742625440137,5,3.449494
"Other reasons","Implants",1,3.73975306182975,0.44864915005744,95.8115977881128,56,55.206613
"Other reasons","Implants",3,17.0277698434425,8.31993623662441,74.6522939199331,56,55.206613
"Other reasons","Implants",6,33.3679640942025,12.1690598727634,54.4629760330341,56,55.206613
"Other reasons","Implants",12,42.7039439303209,13.2145193574465,44.0815367122326,56,55.206613
"Method failure","Pill",1,0,98.2044233603384,1.79557663966163,26,35.735818
"Method failure","Pill",3,0,98.2044233603384,1.79557663966163,26,35.735818
"Method failure","Pill",6,0,98.2044233603384,1.79557663966163,26,35.735818
"Method failure","Pill",12,0,100,0,26,35.735818
"Desire to become pregnant","Pill",1,1.27456733312909,20.3051048389648,78.4203278279061,187,187.514299
"Desire to become pregnant","Pill",3,6.83416361757031,34.1306638167365,59.0351725656932,187,187.514299
"Desire to become pregnant","Pill",6,9.53069523969526,50.7334014208258,39.735903339479,187,187.514299
"Desire to become pregnant","Pill",12,9.57271854110628,70.2229002380157,20.204381220878,187,187.514299
"Other fertility-related reasons","Pill",1,1.58271876761643,0.221653005419785,98.1956282269638,97,145.182331
"Other fertility-related reasons","Pill",3,15.6420652868564,0.221653005419785,84.1362817077238,97,145.182331
"Other fertility-related reasons","Pill",6,29.6177420421461,0.221653005419785,70.1606049524342,97,145.182331
"Other fertility-related reasons","Pill",12,35.1704083583231,6.22338898109262,58.6062026605843,97,145.182331
"Changes in menstrual bleeding","Pill",1,26.9574165534128,5.66482003054973,67.3777634160375,29,22.55994
"Changes in menstrual bleeding","Pill",3,48.2436788395714,7.27694311243736,44.4793780479913,29,22.55994
"Changes in menstrual bleeding","Pill",6,51.5062095725602,7.27694311243736,41.2168473150024,29,22.55994
"Changes in menstrual bleeding","Pill",12,51.5062095725602,11.2718134035166,37.2219770239232,29,22.55994
"Other side effects/health concerns","Pill",1,33.8017059772582,0,66.1982940227418,31,18.145025
"Other side effects/health concerns","Pill",3,40.728238180989,0,59.271761819011,31,18.145025
"Other side effects/health concerns","Pill",6,40.728238180989,6.17045410421689,53.1013077147941,31,18.145025
"Other side effects/health concerns","Pill",12,40.728238180989,13.6962778197911,45.5754839992199,31,18.145025
"Wanted more effective method","Pill",1,50.4129472998994,2.68464337851197,46.9024093215886,137,142.716274
"Wanted more effective method","Pill",3,60.4405065956248,2.68464337851197,36.8748500258632,137,142.716274
"Wanted more effective method","Pill",6,74.0017554102706,2.68464337851197,23.3136012112175,137,142.716274
"Wanted more effective method","Pill",12,75.028775691205,5.22951423400308,19.7417100747919,137,142.716274
"Other method-related reasons","Pill",1,46.3586446074162,4.25064281220573,49.390712580378,69,57.787095
"Other method-related reasons","Pill",3,55.5464900943714,5.30482108505368,39.1486888205749,69,57.787095
"Other method-related reasons","Pill",6,56.913284877878,10.2775195742233,32.8091955478987,69,57.787095
"Other method-related reasons","Pill",12,59.1455727734678,23.0801454824381,17.7742817440941,69,57.787095
"Husband/partner disapproved","Pill",1,82.6315787067034,0,17.3684212932966,6,19.682307
"Husband/partner disapproved","Pill",3,97.4400257043039,0,2.55997429569613,6,19.682307
"Husband/partner disapproved","Pill",6,97.4400257043039,0,2.55997429569613,6,19.682307
"Husband/partner disapproved","Pill",12,97.4400257043039,0,2.55997429569613,6,19.682307
"Other reasons","Pill",1,7.56709919628168,2.48048469998319,89.9524161037351,26,27.78461
"Other reasons","Pill",3,19.7248908658426,3.9423155480678,76.3327935860896,26,27.78461
"Other reasons","Pill",6,58.1307061715101,3.9423155480678,37.9269782804221,26,27.78461
"Other reasons","Pill",12,68.0554521468765,4.18556885437998,27.7589789987435,26,27.78461
"Method failure","Emergency contraception",1,0,100,0,1,1.040389
"Method failure","Emergency contraception",3,0,100,0,1,1.040389
"Method failure","Emergency contraception",6,0,100,0,1,1.040389
"Method failure","Emergency contraception",12,0,100,0,1,1.040389
"Desire to become pregnant","Emergency contraception",1,0,5.50911946134554,94.4908805386545,12,14.160321
"Desire to become pregnant","Emergency contraception",3,4.58153455702028,6.02405129092766,89.3944141520521,12,14.160321
"Desire to become pregnant","Emergency contraception",6,4.58153455702028,49.1969285159567,46.2215369270231,12,14.160321
"Desire to become pregnant","Emergency contraception",12,4.58153455702028,61.8673333747166,33.5511320682631,12,14.160321
"Other fertility-related reasons","Emergency contraception",1,0.725976395175821,0.594176741075301,98.6798468637489,78,97.839407
"Other fertility-related reasons","Emergency contraception",3,5.66067310690058,3.17285958202915,91.1664673110703,78,97.839407
"Other fertility-related reasons","Emergency contraception",6,20.1652698067286,3.17285958202915,76.6618706112423,78,97.839407
"Other fertility-related reasons","Emergency contraception",12,35.6210966555711,3.17285958202915,61.2060437623997,78,97.839407
"Changes in menstrual bleeding","Emergency contraception",1,0,0,100,6,8.56698
"Changes in menstrual bleeding","Emergency contraception",3,31.9693871119111,0,68.0306128880889,6,8.56698
"Changes in menstrual bleeding","Emergency contraception",6,31.9693871119111,0,68.0306128880889,6,8.56698
"Changes in menstrual bleeding","Emergency contraception",12,31.9693871119111,0,68.0306128880889,6,8.56698
"Other side effects/health concerns","Emergency contraception",1,0,26.1881910670911,73.8118089329089,9,13.925475
"Other side effects/health concerns","Emergency contraception",3,0,26.1881910670911,73.8118089329089,9,13.925475
"Other side effects/health concerns","Emergency contraception",6,0,26.1881910670911,73.8118089329089,9,13.925475
"Other side effects/health concerns","Emergency contraception",12,0,26.1881910670911,73.8118089329089,9,13.925475
"Wanted more effective method","Emergency contraception",1,41.2995841739217,0,58.7004158260783,8,12.492242
"Wanted more effective method","Emergency contraception",3,41.2995841739217,0,58.7004158260783,8,12.492242
"Wanted more effective method","Emergency contraception",6,74.5264941233127,0,25.4735058766873,8,12.492242
"Wanted more effective method","Emergency contraception",12,75.2960597465211,0,24.7039402534789,8,12.492242
"Other method-related reasons","Emergency contraception",1,0,0,100,7,7.169018
"Other method-related reasons","Emergency contraception",3,6.90921685508392,0,93.0907831449161,7,7.169018
"Other method-related reasons","Emergency contraception",6,6.90921685508392,0,93.0907831449161,7,7.169018
"Other method-related reasons","Emergency contraception",12,66.4363874075679,0,33.5636125924321,7,7.169018
"Other reasons","Emergency contraception",1,80.0900855444694,0,19.9099144555306,5,6.223196
"Other reasons","Emergency contraception",3,80.0900855444694,0,19.9099144555306,5,6.223196
"Other reasons","Emergency contraception",6,80.0900855444694,0,19.9099144555306,5,6.223196
"Other reasons","Emergency contraception",12,80.0900855444694,0,19.9099144555306,5,6.223196
"Method failure","Other",1,0,100,0,33,14.542032
"Method failure","Other",3,0,100,0,33,14.542032
"Method failure","Other",6,0,100,0,33,14.542032
"Method failure","Other",12,0,100,0,33,14.542032
"Desire to become pregnant","Other",1,3.51844561320161,15.5213432617324,80.960211125066,119,120.463195
"Desire to become pregnant","Other",3,8.08453154509143,33.9808644457753,57.9346040091333,119,120.463195
"Desire to become pregnant","Other",6,10.4561079422757,54.0318342785759,35.5120577791484,119,120.463195
"Desire to become pregnant","Other",12,12.3629839218028,74.8111095867409,12.8259064914563,119,120.463195
"Other fertility-related reasons","Other",1,14.6610638549887,0,85.3389361450113,50,46.611597
"Other fertility-related reasons","Other",3,28.2123051909163,0,71.7876948090837,50,46.611597
"Other fertility-related reasons","Other",6,32.1370317872691,4.88087129700538,62.9820969157256,50,46.611597
"Other fertility-related reasons","Other",12,52.7833103291293,4.88087129700538,42.3358183738653,50,46.611597
"Changes in menstrual bleeding","Other",1,22.4966804429742,0,77.5033195570257,11,23.128839
"Changes in menstrual bleeding","Other",3,47.3651055290756,0,52.6348944709244,11,23.128839
"Changes in menstrual bleeding","Other",6,64.6508975223529,4.74043249641714,30.6086699812299,11,23.128839
"Changes in menstrual bleeding","Other",12,64.8595677457048,8.79338560833079,26.3470466459644,11,23.128839
"Other side effects/health concerns","Other",1,53.5458970266254,15.6323385323078,30.8217644410668,23,8.069989
"Other side effects/health concerns","Other",3,57.0799167136411,16.6031329162902,26.3169503700687,23,8.069989
"Other side effects/health concerns","Other",6,58.7297083056743,19.6495233687644,21.6207683255614,23,8.069989
"Other side effects/health concerns","Other",12,58.7297083056743,20.9258544262877,20.344437268038,23,8.069989
"Wanted more effective method","Other",1,73.0993648619517,4.95503961941867,21.9455955186296,76,61.775389
"Wanted more effective method","Other",3,76.536635002007,6.75122903718178,16.7121359608112,76,61.775389
"Wanted more effective method","Other",6,78.7259793701987,6.75122903718178,14.5227915926195,76,61.775389
"Wanted more effective method","Other",12,78.7259793701987,18.7740890021512,2.49993162765013,76,61.775389
"Other method-related reasons","Other",1,37.6041797504689,5.99878681166126,56.3970334378698,22,10.453447
"Other method-related reasons","Other",3,43.1471456257443,5.99878681166126,50.8540675625944,22,10.453447
"Other method-related reasons","Other",6,45.3153097956409,18.0322141960551,36.652476008304,22,10.453447
"Other method-related reasons","Other",12,49.8727105639163,22.884102251262,27.2431871848218,22,10.453447
"Husband/partner disapproved","Other",1,81.5162008605593,0,18.4837991394407,2,0.883379
"Husband/partner disapproved","Other",3,81.5162008605593,0,18.4837991394407,2,0.883379
"Husband/partner disapproved","Other",6,81.5162008605593,0,18.4837991394407,2,0.883379
"Husband/partner disapproved","Other",12,81.5162008605593,0,18.4837991394407,2,0.883379
"Other reasons","Other",1,17.6793267516448,2.9141246705875,79.4065485777677,28,16.790119
"Other reasons","Other",3,25.268957295657,9.18795155650773,65.5430911478352,28,16.790119
"Other reasons","Other",6,25.268957295657,9.88012766999326,64.8509150343497,28,16.790119
"Other reasons","Other",12,25.6336724043776,10.5779193855713,63.7884082100511,28,16.790119
