"Method","Horizon","Reinitiated (%)","Pregnancy competing event (%)","No observed event (%)","Unweighted at risk","Weighted at risk"
"Injectables","1 month",20.8298583324827,4.84234826247837,74.327793405039,1589,1892.685388
"Injectables","2 months",30.5772922784354,5.87599765418594,63.5467100673786,1215,1406.791285
"Injectables","3 months",34.5826675764456,7.10114020281114,58.3161922207432,1033,1202.739296
"Injectables","4 months",38.0936117259754,8.12860979333944,53.7777784806852,913,1073.108438
"Injectables","5 months",39.0902423106585,8.59580481912698,52.3139528702145,821,962.430815
"Injectables","6 months",39.9290964489385,9.80497438908183,50.2659291619796,765,922.868955
"Injectables","7 months",41.2509457443118,10.8073514174473,47.9417028382409,703,856.700349
"Injectables","8 months",41.7683527893186,11.5096688980478,46.7219783126337,651,797.023293
"Injectables","9 months",42.9864550447375,12.1636879095662,44.8498570456963,610,755.823047
"Injectables","10 months",44.9173497432486,13.3038573837643,41.7787928729871,571,707.160083
"Injectables","11 months",45.8628173847824,14.5788982297191,39.5582843854985,528,648.720215
"Injectables","12 months",48.5403347832323,15.474355346397,35.9853098703707,493,603.358727
"Implants","1 month",27.1408452965779,3.19730824466638,69.6618464587557,623,600.858176
"Implants","2 months",36.0769142633752,4.89426110430425,59.0288246323205,446,418.5689
"Implants","3 months",40.493863896428,8.28690296460242,51.2192331389696,381,354.679519
"Implants","4 months",45.1133116881026,9.24116058963445,45.645527722263,321,303.782615
"Implants","5 months",46.4516463647108,11.2698557027488,42.2784979325404,290,268.819101
"Implants","6 months",47.5713870685479,12.083568200813,40.345044730639,266,238.127579
"Implants","7 months",48.6739175661235,12.9351525687165,38.39092986516,244,223.627696
"Implants","8 months",50.4151007309828,13.3387648370317,36.2461344319854,224,208.380318
"Implants","9 months",51.2073624134107,14.194152325785,34.5984852608043,210,192.039185
"Implants","10 months",51.834220755881,15.5689480408532,32.5968312032659,195,180.709096
"Implants","11 months",51.9945307837902,16.235044074692,31.7704251415178,177,166.798308
"Implants","12 months",52.4109588160916,17.5820066239268,30.0070345599817,166,161.016614
"Pill","1 month",30.3361799955821,1.97685147288725,67.6869685315307,395,433.857582
"Pill","2 months",36.832830087547,2.21087826926579,60.9562916431872,252,293.665045
"Pill","3 months",42.4101105140995,2.2947062384172,55.2951832474833,213,264.463493
"Pill","4 months",46.5990292250362,2.2947062384172,51.1062645365466,176,229.646184
"Pill","5 months",48.2318932745725,2.2947062384172,49.4734004870103,160,210.53459
"Pill","6 months",54.5661802248064,3.22397225568535,42.2098475195083,148,199.430029
"Pill","7 months",54.7689202108598,4.85616955728631,40.3749102318539,132,169.37884
"Pill","8 months",54.7689202108598,5.12175145663084,40.1093283325094,123,160.186668
"Pill","9 months",56.381787190342,5.12175145663084,38.4964613530271,118,146.138864
"Pill","10 months",56.8102859999279,5.29097244833373,37.8987415517384,112,124.869122
"Pill","11 months",56.8102859999279,7.3183533390782,35.8713606609939,104,121.124914
"Pill","12 months",57.8046463153115,8.42923525167052,33.766118433018,99,112.663836
"Emergency contraception","1 month",7.42304152399734,2.89172170236157,89.6852367736411,113,146.216318
"Emergency contraception","2 months",11.3494261290316,2.89172170236157,85.7588521686068,105,131.134451
"Emergency contraception","3 months",12.9369349869691,4.61722541802756,82.4458395950033,100,125.393436
"Emergency contraception","4 months",17.9904897421682,4.61722541802756,77.3922848398042,94,118.763287
"Emergency contraception","5 months",24.7055459831896,4.61722541802756,70.6772285987828,91,111.483638
"Emergency contraception","6 months",25.4948952883121,4.61722541802756,69.8878792936604,83,98.59641
"Emergency contraception","7 months",27.9792957323391,4.61722541802756,67.4034788496334,78,95.964109
"Emergency contraception","8 months",29.8489420451602,4.61722541802756,65.5338325368123,74,91.99817
"Emergency contraception","9 months",31.9717308138208,4.61722541802756,63.4110437681516,67,88.1197
"Emergency contraception","10 months",38.6928232181231,4.61722541802756,56.6899513638493,64,84.336859
"Emergency contraception","11 months",38.6928232181231,4.61722541802756,56.6899513638493,60,70.02397
"Emergency contraception","12 months",39.0658135744938,4.61722541802756,56.3169610074787,59,69.940794
"Other","1 month",41.2222375997046,3.24297807300397,55.5347843272914,212,167.712759
"Other","2 months",47.9729040770237,3.90458724729464,48.1225086756816,125,93.138919
"Other","3 months",50.9594508548989,4.57938742752422,44.4611617175769,111,80.707587
"Other","4 months",52.092749371493,4.69483196702598,43.212418661481,97,64.840881
"Other","5 months",52.4390898451,5.91550975966137,41.6454003952386,85,61.05452
"Other","6 months",55.9520091136232,7.44603182461995,36.6019590617569,76,56.606208
"Other","7 months",57.8848088848489,7.54218454596198,34.5730065691891,65,49.047521
"Other","8 months",58.4799725947907,12.82198677049,28.6980406347193,56,45.130458
"Other","9 months",59.7541848789154,12.82198677049,27.4238283505945,49,36.166187
"Other","10 months",60.5165977179722,13.4876372616355,25.9957650203922,46,34.560384
"Other","11 months",60.5165977179722,14.3019514222705,25.1814508597573,38,31.602773
"Other","12 months",60.5838086925505,14.3019514222705,25.114239885179,35,30.526025
"All methods","1 month",23.722548679052,3.9831018167753,72.2943495041727,2932,3241.330223
"All methods","2 months",32.4668077486408,4.9668015575098,62.5663906938494,2143,2343.2986
"All methods","3 months",36.5970943220369,6.43507059292922,56.9678350850338,1838,2027.983331
"All methods","4 months",40.3628572226237,7.22221869415535,52.414924083221,1601,1790.141405
"All methods","5 months",41.7462503832913,7.93761278323832,50.3161368334703,1447,1614.322664
"All methods","6 months",43.4896502083031,8.99133374213954,47.5190160495574,1338,1515.629181
"All methods","7 months",44.6976217673312,9.96175538416893,45.3406228484999,1222,1394.718515
"All methods","8 months",45.4417951680101,10.7209287014278,43.8372761305621,1128,1302.718907
"All methods","9 months",46.6738269291489,11.2647031239217,42.0614699469294,1054,1218.286983
"All methods","10 months",48.3467489800394,12.2513749311219,39.4018760888387,988,1131.635544
"All methods","11 months",48.9350069681096,13.4155191294113,37.6494739024792,907,1038.27018
"All methods","12 months",50.7303764993807,14.338878001895,34.9307454987243,852,977.505996
