"Cohort","Method","Month","Switched to different method (%)","Restarted same method (%)","Any-method reinitiation (%)","Pregnancy before reinitiation (%)","No observed event (%)","Weighted eligible episodes","Unweighted eligible episodes"
"DHS-style eligible discontinuations","Injectables",1,20.8298583324827,0,20.8298583324827,4.84234826247837,74.327793405039,1892.685388,1589
"DHS-style eligible discontinuations","Injectables",3,24.9011617561027,9.68150582034292,34.5826675764456,7.10114020281114,58.3161922207432,1892.685388,1589
"DHS-style eligible discontinuations","Injectables",6,26.5097500214343,13.4193464275042,39.9290964489385,9.80497438908183,50.2659291619796,1892.685388,1589
"DHS-style eligible discontinuations","Injectables",9,27.2302818530308,15.7561731917068,42.9864550447375,12.1636879095662,44.8498570456963,1892.685388,1589
"DHS-style eligible discontinuations","Injectables",12,28.1422907613942,20.3980440218381,48.5403347832323,15.474355346397,35.9853098703707,1892.685388,1589
"DHS-style eligible discontinuations","Implants",1,27.1408452965779,0,27.1408452965779,3.19730824466638,69.6618464587557,600.858176,623
"DHS-style eligible discontinuations","Implants",3,35.14282095747,5.35104293895803,40.493863896428,8.28690296460242,51.2192331389696,600.858176,623
"DHS-style eligible discontinuations","Implants",6,38.6437777880657,8.92760928048221,47.5713870685479,12.083568200813,40.345044730639,600.858176,623
"DHS-style eligible discontinuations","Implants",9,41.2012404436594,10.0061219697513,51.2073624134107,14.194152325785,34.5984852608043,600.858176,623
"DHS-style eligible discontinuations","Implants",12,42.2216439966228,10.1893148194688,52.4109588160916,17.5820066239268,30.0070345599817,600.858176,623
"DHS-style eligible discontinuations","Pill",1,30.3361799955821,0,30.3361799955821,1.97685147288725,67.6869685315307,433.857582,395
"DHS-style eligible discontinuations","Pill",3,35.4553647053701,6.95474580872946,42.4101105140995,2.2947062384172,55.2951832474833,433.857582,395
"DHS-style eligible discontinuations","Pill",6,42.0886001408406,12.4775800839658,54.5661802248064,3.22397225568535,42.2098475195083,433.857582,395
"DHS-style eligible discontinuations","Pill",9,43.8618678822212,12.5199193081208,56.381787190342,5.12175145663084,38.4964613530271,433.857582,395
"DHS-style eligible discontinuations","Pill",12,44.2383380606796,13.5663082546319,57.8046463153115,8.42923525167052,33.766118433018,433.857582,395
"DHS-style eligible discontinuations","Emergency contraception",1,7.42304152399734,0,7.42304152399734,2.89172170236157,89.6852367736411,146.216318,113
"DHS-style eligible discontinuations","Emergency contraception",3,8.83844647216462,4.09848851480448,12.9369349869691,4.61722541802756,82.4458395950033,146.216318,113
"DHS-style eligible discontinuations","Emergency contraception",6,12.3349545568287,13.1599407314834,25.4948952883121,4.61722541802756,69.8878792936604,146.216318,113
"DHS-style eligible discontinuations","Emergency contraception",9,13.8486894709516,18.1230413428692,31.9717308138208,4.61722541802756,63.4110437681516,146.216318,113
"DHS-style eligible discontinuations","Emergency contraception",12,17.745889097616,21.3199244768778,39.0658135744938,4.61722541802756,56.3169610074787,146.216318,113
"DHS-style eligible discontinuations","Other",1,41.2222375997046,0,41.2222375997046,3.24297807300397,55.5347843272914,167.712759,212
"DHS-style eligible discontinuations","Other",3,46.6121680104255,4.34728284447339,50.9594508548989,4.57938742752422,44.4611617175769,167.712759,212
"DHS-style eligible discontinuations","Other",6,50.7591372665188,5.19287184710433,55.9520091136232,7.44603182461995,36.6019590617569,167.712759,212
"DHS-style eligible discontinuations","Other",9,52.0346389922055,7.71954588670996,59.7541848789154,12.82198677049,27.4238283505945,167.712759,212
"DHS-style eligible discontinuations","Other",12,52.371347979963,8.21246071258749,60.5838086925505,14.3019514222705,25.114239885179,167.712759,212
"DHS-style eligible discontinuations","All methods",1,23.722548679052,0,23.722548679052,3.9831018167753,72.2943495041727,3241.330223,2932
"DHS-style eligible discontinuations","All methods",3,28.6111778559133,7.98591646612367,36.5970943220369,6.43507059292922,56.9678350850338,3241.330223,2932
"DHS-style eligible discontinuations","All methods",6,31.4443581185432,12.0452920897599,43.4896502083031,8.99133374213954,47.5190160495574,3241.330223,2932
"DHS-style eligible discontinuations","All methods",9,32.7113398257857,13.9624871033632,46.6738269291489,11.2647031239217,42.0614699469294,3241.330223,2932
"DHS-style eligible discontinuations","All methods",12,33.6991962849349,17.0311802144458,50.7303764993807,14.338878001895,34.9307454987243,3241.330223,2932
"Observed-start leaky-bucket cohort","Injectables",1,21.4798645905816,0,21.4798645905816,3.63186121484887,74.8882741945695,1656.891837,1372
"Observed-start leaky-bucket cohort","Injectables",3,25.3352307390238,10.3989311282967,35.7341618673205,5.78296638683965,58.4828717458399,1656.891837,1372
"Observed-start leaky-bucket cohort","Injectables",6,27.1002473665129,14.1340771615782,41.2343245280911,8.56433465942967,50.2013408124793,1656.891837,1372
"Observed-start leaky-bucket cohort","Injectables",9,27.9198200363275,16.2534520177365,44.173272054064,11.191069113676,44.63565883226,1656.891837,1372
"Observed-start leaky-bucket cohort","Injectables",12,28.6976372461695,21.2798914931836,49.9775287393531,14.5704195020474,35.4520517585995,1656.891837,1372
"Observed-start leaky-bucket cohort","Implants",1,27.1531839502302,0,27.1531839502302,2.92720691765816,69.9196091321117,457.714551,492
"Observed-start leaky-bucket cohort","Implants",3,36.785652680725,5.13175645141332,41.9174091321383,8.75636833315356,49.3262225347081,457.714551,492
"Observed-start leaky-bucket cohort","Implants",6,41.0966671686922,8.74417636415146,49.8408435328437,12.1127910715321,38.0463653956242,457.714551,492
"Observed-start leaky-bucket cohort","Implants",9,44.2693543997339,10.014892894555,54.2842472942889,13.6389987782319,32.0767539274792,457.714551,492
"Observed-start leaky-bucket cohort","Implants",12,44.8699629670729,10.2616029448715,55.1315659119444,17.3025345562895,27.565899531766,457.714551,492
"Observed-start leaky-bucket cohort","Pill",1,31.46502302791,0,31.46502302791,2.06351569491231,66.4714612771776,406.876915,360
"Observed-start leaky-bucket cohort","Pill",3,36.2187264912781,7.23840771354649,43.4571342048246,2.27602713710115,54.2668386580743,406.876915,360
"Observed-start leaky-bucket cohort","Pill",6,42.8745629956052,13.1447838324886,56.0193468280938,3.2736199731944,40.7070331987118,406.876915,360
"Observed-start leaky-bucket cohort","Pill",9,44.8002340839039,13.1902596002273,57.9904936841312,5.23696076801516,36.7725455478537,406.876915,360
"Observed-start leaky-bucket cohort","Pill",12,45.1847785041655,14.3524485404589,59.5372270446244,7.76911591643518,32.6936570389405,406.876915,360
"Observed-start leaky-bucket cohort","Emergency contraception",1,7.59021394054515,0,7.59021394054515,2.95684542602723,89.4529406334276,142.995943,107
"Observed-start leaky-bucket cohort","Emergency contraception",3,9.0374948609556,4.19078952470701,13.2282843856626,4.72120876883899,82.0505068454984,142.995943,107
"Observed-start leaky-bucket cohort","Emergency contraception",6,12.6143721664206,13.4608501923125,26.0752223587331,4.72120876883899,69.2035688724279,142.995943,107
"Observed-start leaky-bucket cohort","Emergency contraception",9,14.1656541066441,18.5477939921674,32.7134480988116,4.72120876883899,62.5653431323494,142.995943,107
"Observed-start leaky-bucket cohort","Emergency contraception",12,18.1635353158827,21.8286031429816,39.9921384588643,4.72120876883899,55.2866527722967,142.995943,107
"Observed-start leaky-bucket cohort","Other",1,42.378811303283,0,42.378811303283,2.474452858637,55.14673583808,153.96341,195
"Observed-start leaky-bucket cohort","Other",3,48.2500770800023,4.73550696233605,52.9855840423384,3.93020718364188,43.0842087740197,153.96341,195
"Observed-start leaky-bucket cohort","Other",6,52.8918014698828,5.6811530516681,58.5729545215509,6.95890112301717,34.468144355432,153.96341,195
"Observed-start leaky-bucket cohort","Other",9,54.3295984593853,8.54859792236233,62.8781963817476,12.9750216507147,24.1467819675377,153.96341,195
"Observed-start leaky-bucket cohort","Other",12,54.7153679697375,9.11188849899161,63.8272564687292,14.677308966665,21.4954345646059,153.96341,195
"Observed-start leaky-bucket cohort","All methods",1,24.279637960461,0,24.279637960461,3.19354214315439,72.5268198963847,2818.442656,2526
"Observed-start leaky-bucket cohort","All methods",3,29.1908371897704,8.46293088462255,37.6537680743929,5.60449639320247,56.7417355324046,2818.442656,2526
"Observed-start leaky-bucket cohort","All methods",6,32.305892224196,12.6433018136862,44.9491940378822,8.08798103307339,46.9628249290444,2818.442656,2526
"Observed-start leaky-bucket cohort","All methods",9,33.7391845488583,14.5093778745311,48.2485624233894,10.4476737071543,41.3037638694563,2818.442656,2526
"Observed-start leaky-bucket cohort","All methods",12,34.5960730548673,17.9028155510169,52.4988886058842,13.4897129271813,34.0113984669345,2818.442656,2526
