country,admin_name,indicator,prev,ci_l,ci_u,n_units,prov_avg,prov_min,prov_max,pos_worse
DRC,Mongala,IMR,111.67021499086,78.3563520675864,156.739007749646,26,57.4362400560345,23.9158521830142,111.67021499086,1
DRC,Haut-Lomami,IMR,85.0531633025578,53.8808219375515,131.748689065174,26,57.4362400560345,23.9158521830142,111.67021499086,0.696686855939172
DRC,Lualaba,IMR,79.1979629660565,49.5260900066242,124.321520788718,26,57.4362400560345,23.9158521830142,111.67021499086,0.629964243533881
DRC,Maniema,IMR,76.6904509295753,55.9851503758294,104.208005173918,26,57.4362400560345,23.9158521830142,111.67021499086,0.601390028460701
DRC,Sud-Ubangi,IMR,75.0574123216309,46.4440666091559,119.097198841979,26,57.4362400560345,23.9158521830142,111.67021499086,0.582780827098027
DRC,Tshuapa,IMR,71.8463433124339,56.1991328763383,91.4280889155548,26,57.4362400560345,23.9158521830142,111.67021499086,0.546189267357251
DRC,Kasai-Central,IMR,70.5861517411878,51.7722424321769,95.5480682894971,26,57.4362400560345,23.9158521830142,111.67021499086,0.531828823831434
DRC,Kasai,IMR,70.4801840482027,45.5865812642601,107.437281182045,26,57.4362400560345,23.9158521830142,111.67021499086,0.530621274832222
DRC,Sankuru,IMR,67.3362377000523,46.3368289803169,96.8855443276241,26,57.4362400560345,23.9158521830142,111.67021499086,0.49479460767227
DRC,Ituri,IMR,64.7319905578544,44.9141479214864,92.4478086819219,26,57.4362400560345,23.9158521830142,111.67021499086,0.465118053038737
DRC,Haut-Katanga,IMR,63.146169888223,36.2709008826475,107.709332538137,26,57.4362400560345,23.9158521830142,111.67021499086,0.447046921087111
DRC,Kasai-Oriental,IMR,58.0332453024936,39.7137985363508,84.0634508423947,26,57.4362400560345,23.9158521830142,111.67021499086,0.388782871048652
DRC,Tanganyika,IMR,56.6567561800668,36.2094480068825,87.6010776630771,26,57.4362400560345,23.9158521830142,111.67021499086,0.373097165194451
DRC,Sud-Kivu,IMR,54.2769617205345,38.2351486216984,76.513780105097,26,57.4362400560345,23.9158521830142,111.67021499086,0.34597834872326
DRC,Lomami,IMR,52.5253444009026,32.1962246125135,84.5688925903601,26,57.4362400560345,23.9158521830142,111.67021499086,0.326017890193495
DRC,Mai-Ndombe,IMR,49.9590936387461,29.9280988762018,82.2600420344738,26,57.4362400560345,23.9158521830142,111.67021499086,0.296774321212477
DRC,Kwango,IMR,48.3582921376344,30.4358252222931,76.0072493597404,26,57.4362400560345,23.9158521830142,111.67021499086,0.278532476022206
DRC,Kinshasa,IMR,46.5735884166531,33.2800650690451,64.8210797972993,26,57.4362400560345,23.9158521830142,111.67021499086,0.258194983231228
DRC,Tshopo,IMR,43.0235698701332,27.7038402495956,66.2377129760931,26,57.4362400560345,23.9158521830142,111.67021499086,0.217740942737615
DRC,Kwilu,IMR,42.5164650078559,26.4183609249391,67.7414587217628,26,57.4362400560345,23.9158521830142,111.67021499086,0.211962257256327
DRC,Equateur,IMR,40.9057372226302,24.2814189908605,68.1173290279291,26,57.4362400560345,23.9158521830142,111.67021499086,0.193607297643064
DRC,Nord-Kivu,IMR,40.1356565506961,24.9942567160673,63.8489695691799,26,57.4362400560345,23.9158521830142,111.67021499086,0.184831885831114
DRC,Nord-Ubangi,IMR,37.6020690224185,16.6052951320831,82.9100757376344,26,57.4362400560345,23.9158521830142,111.67021499086,0.155960528929744
DRC,Kongo Central,IMR,37.597259480426,24.1996458409517,57.9715179689493,26,57.4362400560345,23.9158521830142,111.67021499086,0.15590572205931
DRC,Bas-Uele,IMR,25.4660685640564,17.5975473391268,36.7213882535181,26,57.4362400560345,23.9158521830142,111.67021499086,0.0176654052452837
DRC,Haut-Uele,IMR,23.9158521830142,9.58806918882718,58.3918347630243,26,57.4362400560345,23.9158521830142,111.67021499086,0
DRC,Mongala,NMR,60.9185517910612,45.668663887356,80.8294456919475,26,24.705752637167,6.82565947221538,60.9185517910612,1
DRC,Haut-Lomami,NMR,39.1808973637401,25.2968819397904,60.2143066311106,26,24.705752637167,6.82565947221538,60.9185517910612,0.598142131147463
DRC,Maniema,NMR,35.743099012886,25.6819827646722,49.5453044034798,26,24.705752637167,6.82565947221538,60.9185517910612,0.534588525424362
DRC,Lualaba,NMR,34.9580833164496,18.1348808648543,66.3333374582396,26,24.705752637167,6.82565947221538,60.9185517910612,0.520076162287831
DRC,Ituri,NMR,32.391165744581,19.5742899718539,53.1453761468193,26,24.705752637167,6.82565947221538,60.9185517910612,0.47262228319521
DRC,Sud-Kivu,NMR,28.6657048368872,14.7717805934948,54.8996674984064,26,24.705752637167,6.82565947221538,60.9185517910612,0.403750741149828
DRC,Sud-Ubangi,NMR,28.2187572596631,15.9131606891575,49.5609899031973,26,24.705752637167,6.82565947221538,60.9185517910612,0.395488147709831
DRC,Nord-Kivu,NMR,27.2519773462596,15.1755473992645,48.4656725171247,26,24.705752637167,6.82565947221538,60.9185517910612,0.377615560906654
DRC,Kwango,NMR,27.104164824955,13.8866871793631,52.235753265802,26,24.705752637167,6.82565947221538,60.9185517910612,0.374882992634406
DRC,Tshuapa,NMR,26.5426492666006,20.3208375517645,34.6021644999794,26,24.705752637167,6.82565947221538,60.9185517910612,0.36450241333307
DRC,Kasai-Central,NMR,25.5394462708577,14.157616173925,45.6478607808505,26,24.705752637167,6.82565947221538,60.9185517910612,0.345956483309037
DRC,Equateur,NMR,23.9518301786767,13.4130199626328,42.4151474571858,26,24.705752637167,6.82565947221538,60.9185517910612,0.316606673673734
DRC,Haut-Katanga,NMR,23.1720338894071,11.1502893728454,47.5320623453111,26,24.705752637167,6.82565947221538,60.9185517910612,0.302190800241175
DRC,Lomami,NMR,23.1553256880144,12.5123185407599,42.462021349828,26,24.705752637167,6.82565947221538,60.9185517910612,0.301881920447981
DRC,Kwilu,NMR,22.8024049938895,12.2450487583027,42.0743142204886,26,24.705752637167,6.82565947221538,60.9185517910612,0.29535757540012
DRC,Haut-Uele,NMR,21.9754667581777,8.05414974165073,58.5392561592952,26,24.705752637167,6.82565947221538,60.9185517910612,0.280070202137891
DRC,Kasai-Oriental,NMR,21.2085210556777,10.218638225284,43.4983114300208,26,24.705752637167,6.82565947221538,60.9185517910612,0.265891893868122
DRC,Tshopo,NMR,20.678075028905,9.5536012226593,44.1783984331672,26,24.705752637167,6.82565947221538,60.9185517910612,0.25608568820905
DRC,Kinshasa,NMR,20.033763688885,11.354156223855,35.1127867100119,26,24.705752637167,6.82565947221538,60.9185517910612,0.244174486711039
DRC,Tanganyika,NMR,18.655178850019,9.17341279648405,37.5658569647541,26,24.705752637167,6.82565947221538,60.9185517910612,0.218688978730802
DRC,Nord-Ubangi,NMR,18.6290781236806,5.49924960522247,61.1787964805378,26,24.705752637167,6.82565947221538,60.9185517910612,0.218206461985634
DRC,Kasai,NMR,18.0440109603289,7.06192625820883,45.3248844797673,26,24.705752637167,6.82565947221538,60.9185517910612,0.207390490824337
DRC,Sankuru,NMR,16.3926180337606,7.04991905089224,37.6470330099139,26,24.705752637167,6.82565947221538,60.9185517910612,0.176861656891142
DRC,Mai-Ndombe,NMR,11.7187650202311,4.44146695915813,30.5538980888304,26,24.705752637167,6.82565947221538,60.9185517910612,0.0904574582400529
DRC,Bas-Uele,NMR,8.5923397905311,2.20063119256753,32.935902374681,26,24.705752637167,6.82565947221538,60.9185517910612,0.0326601193351278
DRC,Kongo Central,NMR,6.82565947221538,1.94788706676227,23.6288527420895,26,24.705752637167,6.82565947221538,60.9185517910612,0
DRC,Mongala,U5MR,166.562071378986,115.768192284237,233.750599774741,26,95.1219838186368,47.2647388539391,166.562071378986,1
DRC,Kasai-Central,U5MR,143.650081126028,120.801052254494,169.985329133827,26,95.1219838186368,47.2647388539391,166.562071378986,0.807942141135906
DRC,Tshuapa,U5MR,141.43806094534,123.149222359912,161.94134970497,26,95.1219838186368,47.2647388539391,166.562071378986,0.789400065350404
DRC,Lualaba,U5MR,138.905611588329,81.4780893471735,226.814352173699,26,95.1219838186368,47.2647388539391,166.562071378986,0.768172018558333
DRC,Sankuru,U5MR,136.33964321094,96.2259769696332,189.666154695061,26,95.1219838186368,47.2647388539391,166.562071378986,0.74666300135671
DRC,Sud-Ubangi,U5MR,131.334801613145,108.777417736698,157.742011899434,26,95.1219838186368,47.2647388539391,166.562071378986,0.704710331570531
DRC,Maniema,U5MR,127.022858409296,100.24574618127,159.683136218092,26,95.1219838186368,47.2647388539391,166.562071378986,0.668565825129502
DRC,Haut-Lomami,U5MR,121.492184884621,79.2368361326855,181.831455474967,26,95.1219838186368,47.2647388539391,166.562071378986,0.62220541280835
DRC,Kasai-Oriental,U5MR,112.774684136338,83.474778091361,150.668294489923,26,95.1219838186368,47.2647388539391,166.562071378986,0.549131685477079
DRC,Haut-Katanga,U5MR,104.288802826602,78.7542824544948,136.872340765181,26,95.1219838186368,47.2647388539391,166.562071378986,0.477999488887909
DRC,Lomami,U5MR,101.526496304032,71.1674181848676,142.844661528375,26,95.1219838186368,47.2647388539391,166.562071378986,0.454844683460971
DRC,Kasai,U5MR,98.9769922835354,69.2582968445198,139.536150636204,26,95.1219838186368,47.2647388539391,166.562071378986,0.433473677366081
DRC,Ituri,U5MR,95.781834761196,72.5321976846101,125.475727391289,26,95.1219838186368,47.2647388539391,166.562071378986,0.406690534317441
DRC,Sud-Kivu,U5MR,85.8266784842663,63.5868307786796,114.890673378883,26,95.1219838186368,47.2647388539391,166.562071378986,0.323242262120412
DRC,Kwilu,U5MR,79.3129688732081,52.1979550857477,118.748560515175,26,95.1219838186368,47.2647388539391,166.562071378986,0.268641631300015
DRC,Kongo Central,U5MR,76.2945601316452,43.4232991954677,130.650619941975,26,95.1219838186368,47.2647388539391,166.562071378986,0.24334007025355
DRC,Nord-Ubangi,U5MR,74.3947407554815,47.6352331411605,114.381210715489,26,95.1219838186368,47.2647388539391,166.562071378986,0.227414991830151
DRC,Kwango,U5MR,71.2412564670313,48.3465697111326,103.795298035146,26,95.1219838186368,47.2647388539391,166.562071378986,0.200981171209827
DRC,Tanganyika,U5MR,69.7658203260466,44.5476801465488,107.651314987985,26,95.1219838186368,47.2647388539391,166.562071378986,0.18861345007344
DRC,Tshopo,U5MR,65.4298010850466,43.1576764685827,98.0183459409834,26,95.1219838186368,47.2647388539391,166.562071378986,0.152267128246926
DRC,Mai-Ndombe,U5MR,62.2987692129348,41.5462320797592,92.4177674322571,26,95.1219838186368,47.2647388539391,166.562071378986,0.126021513145226
DRC,Equateur,U5MR,61.0117064261808,37.6327643310837,97.4439494639532,26,95.1219838186368,47.2647388539391,166.562071378986,0.115232816034302
DRC,Haut-Uele,U5MR,57.1045616426212,33.6888809014197,95.1921799650007,26,95.1219838186368,47.2647388539391,166.562071378986,0.0824814987930783
DRC,Kinshasa,U5MR,55.4947516576354,40.5530885865676,75.5083659123134,26,95.1219838186368,47.2647388539391,166.562071378986,0.068987400049103
DRC,Nord-Kivu,U5MR,47.6371019001317,29.5583843606232,75.9083409004054,26,95.1219838186368,47.2647388539391,166.562071378986,0.00312130236536856
DRC,Bas-Uele,U5MR,47.2647388539391,35.8468663162983,62.0852231733221,26,95.1219838186368,47.2647388539391,166.562071378986,0
Ethiopia,Tigray,IMR,55.3094743842373,42.2143537552183,72.1607228729486,11,40.5357429308116,26.7942755052717,55.3094743842373,1
Ethiopia,Afar,IMR,50.8884190955251,38.9252656483239,66.2747433693965,11,40.5357429308116,26.7942755052717,55.3094743842373,0.844957936029919
Ethiopia,Benishangul,IMR,47.6880723876882,36.4380620928045,62.187281412694,11,40.5357429308116,26.7942755052717,55.3094743842373,0.732724922280973
Ethiopia,Harari,IMR,46.5485542604768,29.7345522273669,72.1632314415975,11,40.5357429308116,26.7942755052717,55.3094743842373,0.692763141475999
Ethiopia,Dire Dawa,IMR,41.4909460718694,23.4337986192554,72.4302229331602,11,40.5357429308116,26.7942755052717,55.3094743842373,0.51539779290962
Ethiopia,Oromia,IMR,39.6841101962449,27.5602223705431,56.8296771747599,11,40.5357429308116,26.7942755052717,55.3094743842373,0.452033834506461
Ethiopia,SNNPR,IMR,39.6047579336502,32.63175985882,47.9938730871858,11,40.5357429308116,26.7942755052717,55.3094743842373,0.449251028644524
Ethiopia,Somali,IMR,35.0378391625676,20.8475626323463,58.3117702852746,11,40.5357429308116,26.7942755052717,55.3094743842373,0.289093675702079
Ethiopia,Amhara,IMR,33.8000021829602,20.5422406379477,55.1325618949148,11,40.5357429308116,26.7942755052717,55.3094743842373,0.245683949371166
Ethiopia,Gambela,IMR,29.0467210584365,18.2293541860088,45.9825085197728,11,40.5357429308116,26.7942755052717,55.3094743842373,0.0789910518501195
Ethiopia,Addis Ababa,IMR,26.7942755052717,16.3043972852271,43.7330584639494,11,40.5357429308116,26.7942755052717,55.3094743842373,0
Ethiopia,Tigray,NMR,44.1819054375543,32.9209199988288,59.0596035308487,11,25.5180529317346,12.5069337791156,44.1819054375543,1
Ethiopia,Benishangul,NMR,31.6872319639261,22.4174853671587,44.6151315577696,11,25.5180529317346,12.5069337791156,44.1819054375543,0.605534817572616
Ethiopia,Harari,NMR,31.1579956438631,15.9946917598885,59.8224957271184,11,25.5180529317346,12.5069337791156,44.1819054375543,0.588826473654588
Ethiopia,Amhara,NMR,27.7369133775607,15.38611457884,49.5035298840089,11,25.5180529317346,12.5069337791156,44.1819054375543,0.480820622751451
Ethiopia,Afar,NMR,25.3421500587281,17.6342821977215,36.2946190297805,11,25.5180529317346,12.5069337791156,44.1819054375543,0.405216346142902
Ethiopia,Dire Dawa,NMR,23.4495339447337,10.6979377866668,50.6228585670414,11,25.5180529317346,12.5069337791156,44.1819054375543,0.345465192001295
Ethiopia,Somali,NMR,23.429864153582,11.2553294304081,48.1321504897412,11,25.5180529317346,12.5069337791156,44.1819054375543,0.344844203563996
Ethiopia,Oromia,NMR,22.8575998842098,14.6741846446086,35.4405472002003,11,25.5180529317346,12.5069337791156,44.1819054375543,0.32677743856281
Ethiopia,SNNPR,NMR,22.8265424085815,17.7197636559336,29.3610864163665,11,25.5180529317346,12.5069337791156,44.1819054375543,0.325796933324694
Ethiopia,Addis Ababa,NMR,15.5219115972254,7.23132161189002,33.0015596942324,11,25.5180529317346,12.5069337791156,44.1819054375543,0.0951848623771886
Ethiopia,Gambela,NMR,12.5069337791156,4.59496380004176,33.5827311115419,11,25.5180529317346,12.5069337791156,44.1819054375543,0
Ethiopia,Afar,U5MR,75.1257104617031,58.4066182302463,96.1420322131103,11,53.3526272720156,29.7987730193778,75.1257104617031,1
Ethiopia,Benishangul,U5MR,72.2226395121067,52.6006853475305,98.4040120531361,11,53.3526272720156,29.7987730193778,75.1257104617031,0.935952634053639
Ethiopia,Tigray,U5MR,65.1327168430627,49.7434293024542,84.8578784491273,11,53.3526272720156,29.7987730193778,75.1257104617031,0.779535212778147
Ethiopia,Harari,U5MR,63.3834835597748,46.4144020677657,85.9969688921735,11,53.3526272720156,29.7987730193778,75.1257104617031,0.740943739760283
Ethiopia,Oromia,U5MR,56.8521180821121,41.190937173853,77.9835229543365,11,53.3526272720156,29.7987730193778,75.1257104617031,0.596849171580528
Ethiopia,Dire Dawa,U5MR,52.4118872030814,33.0467574962499,82.1606177934115,11,53.3526272720156,29.7987730193778,75.1257104617031,0.498889081409413
Ethiopia,SNNPR,U5MR,50.7434495544582,42.6806298051082,60.2335855558631,11,53.3526272720156,29.7987730193778,75.1257104617031,0.462080116525205
Ethiopia,Gambela,U5MR,42.6748635512826,30.7288635703593,58.9823290450662,11,53.3526272720156,29.7987730193778,75.1257104617031,0.284071487253876
Ethiopia,Somali,U5MR,42.3240960516098,27.7563322552185,64.0341033506598,11,53.3526272720156,29.7987730193778,75.1257104617031,0.276332877070492
Ethiopia,Amhara,U5MR,36.2091621536027,22.4820633683256,57.8219726518404,11,53.3526272720156,29.7987730193778,75.1257104617031,0.141425595814444
Ethiopia,Addis Ababa,U5MR,29.7987730193778,18.8420039932651,46.8229280233904,11,53.3526272720156,29.7987730193778,75.1257104617031,0
Nigeria,Kaduna,IMR,92.43625761748,79.4811711070352,107.256925212767,37,53.8400761429915,15.391029984978,92.43625761748,1
Nigeria,Kebbi,IMR,91.9194350791318,69.3899305992534,120.814177581849,37,53.8400761429915,15.391029984978,92.43625761748,0.993291959096891
Nigeria,Kano,IMR,88.7452008400254,71.0737573940124,110.288731968587,37,53.8400761429915,15.391029984978,92.43625761748,0.952092337307891
Nigeria,Plateau,IMR,87.5159963153334,67.6616696515929,112.493340290912,37,53.8400761429915,15.391029984978,92.43625761748,0.936138013302838
Nigeria,Jigawa,IMR,82.2642160120761,62.2565219799426,107.961606662922,37,53.8400761429915,15.391029984978,92.43625761748,0.867973112443467
Nigeria,Bauchi,IMR,77.824347572674,55.2140973179539,108.628960052539,37,53.8400761429915,15.391029984978,92.43625761748,0.81034633170917
Nigeria,Imo,IMR,77.361132549451,45.497880746331,128.534077404847,37,53.8400761429915,15.391029984978,92.43625761748,0.804334083612085
Nigeria,Taraba,IMR,73.401648980848,48.8662078844144,108.846412658709,37,53.8400761429915,15.391029984978,92.43625761748,0.752942405110085
Nigeria,Kogi,IMR,73.0891372297063,53.7229936881922,98.708199230368,37,53.8400761429915,15.391029984978,92.43625761748,0.748886193443967
Nigeria,Adamawa,IMR,71.0251685172854,54.2496147311463,92.4809473554294,37,53.8400761429915,15.391029984978,92.43625761748,0.722097140106803
Nigeria,Ogun,IMR,70.7468260223032,49.2174419809592,100.696477214812,37,53.8400761429915,15.391029984978,92.43625761748,0.718484424517075
Nigeria,Nasarawa,IMR,68.9702588155341,47.5628711627902,99.0111845304037,37,53.8400761429915,15.391029984978,92.43625761748,0.695425667195425
Nigeria,Katsina,IMR,66.8185349861725,44.989632675709,98.1502720849861,37,53.8400761429915,15.391029984978,92.43625761748,0.66749760603601
Nigeria,Zamfara,IMR,66.6287438527418,44.1839178277945,99.2908219087265,37,53.8400761429915,15.391029984978,92.43625761748,0.665034233037282
Nigeria,Akwa Ibom,IMR,66.1890629056867,42.3521749987464,102.012829286378,37,53.8400761429915,15.391029984978,92.43625761748,0.659327442875635
Nigeria,Borno,IMR,63.7348770454064,45.9824195691433,87.7109165702219,37,53.8400761429915,15.391029984978,92.43625761748,0.62747360928082
Nigeria,Gombe,IMR,61.8449744000402,43.8792254940425,86.5010652838484,37,53.8400761429915,15.391029984978,92.43625761748,0.602943827184766
Nigeria,Bayelsa,IMR,59.095016407002,37.6933499970873,91.4928731371735,37,53.8400761429915,15.391029984978,92.43625761748,0.567251051946886
Nigeria,Yobe,IMR,52.770319345971,35.2439637587841,78.3048911862291,37,53.8400761429915,15.391029984978,92.43625761748,0.485160346845731
Nigeria,Abia,IMR,47.7456378915221,25.2231107093418,88.5522895919249,37,53.8400761429915,15.391029984978,92.43625761748,0.419943050345342
Nigeria,Ekiti,IMR,47.2488710250048,26.866669551138,81.7941938025205,37,53.8400761429915,15.391029984978,92.43625761748,0.413495319813778
Nigeria,Rivers,IMR,47.0137946861065,29.0373599956223,75.2565074072178,37,53.8400761429915,15.391029984978,92.43625761748,0.410444172505608
Nigeria,Lagos,IMR,46.8119350689805,29.1679608833733,74.311954345143,37,53.8400761429915,15.391029984978,92.43625761748,0.407824157959233
Nigeria,Sokoto,IMR,45.8412038773501,29.0712353729237,71.5719493707979,37,53.8400761429915,15.391029984978,92.43625761748,0.395224659957089
Nigeria,Anambra,IMR,41.120819221404,25.8465881700761,64.8208450669742,37,53.8400761429915,15.391029984978,92.43625761748,0.333956950054772
Nigeria,Niger,IMR,39.1474223250042,22.9139351498484,66.1035363633984,37,53.8400761429915,15.391029984978,92.43625761748,0.308343463573654
Nigeria,Benue,IMR,35.2849802596985,19.3970747379664,63.3458112316949,37,53.8400761429915,15.391029984978,92.43625761748,0.258211324517239
Nigeria,Oyo,IMR,33.1162176356689,17.3466649965816,62.3125264356571,37,53.8400761429915,15.391029984978,92.43625761748,0.230062110209321
Nigeria,Enugu,IMR,29.4980898059473,15.6515224262218,54.9110764241151,37,53.8400761429915,15.391029984978,92.43625761748,0.183101020718097
Nigeria,Ebonyi,IMR,29.2051951233089,18.8929202124964,44.8886616370478,37,53.8400761429915,15.391029984978,92.43625761748,0.179299426620206
Nigeria,Cross River,IMR,28.0292885568187,11.9815567147112,64.1747734361913,37,53.8400761429915,15.391029984978,92.43625761748,0.164036877561372
Nigeria,Osun,IMR,27.7024133853074,11.2812670263994,66.4206207341685,37,53.8400761429915,15.391029984978,92.43625761748,0.159794237471184
Nigeria,FCT Abuja,IMR,25.2464985433706,12.2788969883473,51.1991490020374,37,53.8400761429915,15.391029984978,92.43625761748,0.127917962750427
Nigeria,Delta,IMR,24.6426857965368,12.9414482139413,46.4261794037858,37,53.8400761429915,15.391029984978,92.43625761748,0.120080842069652
Nigeria,Edo,IMR,20.8155843817986,10.4800015857674,40.9227713738131,37,53.8400761429915,15.391029984978,92.43625761748,0.0704074030736237
Nigeria,Ondo,IMR,15.8399952270093,5.43356363835361,45.2697795848428,37,53.8400761429915,15.391029984978,92.43625761748,0.00582729464014082
Nigeria,Kwara,IMR,15.391029984978,5.17872502581827,44.8341353392465,37,53.8400761429915,15.391029984978,92.43625761748,0
Nigeria,Imo,NMR,66.656769532265,36.2841540709901,119.306123459859,37,35.818396515148,11.0718919087722,66.656769532265,1
Nigeria,Kano,NMR,63.7022578260585,48.5984703612623,83.090156889151,37,35.818396515148,11.0718919087722,66.656769532265,0.946846843376736
Nigeria,Ogun,NMR,58.5384472416897,38.0640274675438,89.0069109550555,37,35.818396515148,11.0718919087722,66.656769532265,0.85394728498702
Nigeria,Kogi,NMR,58.3948202461444,37.2971988300395,90.3070815996537,37,35.818396515148,11.0718919087722,66.656769532265,0.851363362854132
Nigeria,Plateau,NMR,56.8514019924521,41.506431903622,77.4112479515198,37,35.818396515148,11.0718919087722,66.656769532265,0.82359648956628
Nigeria,Kaduna,NMR,52.6351763154296,42.2933792885193,65.333290389177,37,35.818396515148,11.0718919087722,66.656769532265,0.747744461869442
Nigeria,Jigawa,NMR,51.7136007796099,39.2175936141346,67.9098151034402,37,35.818396515148,11.0718919087722,66.656769532265,0.73116485289626
Nigeria,Zamfara,NMR,50.7450981972011,29.7260144171309,85.3197371647794,37,35.818396515148,11.0718919087722,66.656769532265,0.71374100267266
Nigeria,Adamawa,NMR,49.0648682175577,33.8621520086708,70.5942584140394,37,35.818396515148,11.0718919087722,66.656769532265,0.683512817391324
Nigeria,Kebbi,NMR,46.9294140410047,32.2764247672344,67.768780775056,37,35.818396515148,11.0718919087722,66.656769532265,0.645094919073411
Nigeria,Bauchi,NMR,45.3212298135333,25.0951269313515,80.5029895212214,37,35.818396515148,11.0718919087722,66.656769532265,0.616162873232371
Nigeria,Katsina,NMR,42.7205528976699,25.5878506703191,70.4947824912965,37,35.818396515148,11.0718919087722,66.656769532265,0.569375383054212
Nigeria,Akwa Ibom,NMR,42.2453655977728,21.5304290373854,81.2359485539573,37,35.818396515148,11.0718919087722,66.656769532265,0.560826523720279
Nigeria,Borno,NMR,42.1280235302275,29.4073637613773,60.0110050995599,37,35.818396515148,11.0718919087722,66.656769532265,0.558715480707104
Nigeria,Taraba,NMR,42.0059175450323,22.0655715082447,78.5192463648333,37,35.818396515148,11.0718919087722,66.656769532265,0.556518732411241
Nigeria,Nasarawa,NMR,41.3237845759597,27.4922749202264,61.6727058472751,37,35.818396515148,11.0718919087722,66.656769532265,0.544246816051308
Nigeria,Gombe,NMR,37.4202672716798,22.5287629247391,61.5353804082927,37,35.818396515148,11.0718919087722,66.656769532265,0.474020569792018
Nigeria,Yobe,NMR,37.1799678426667,25.6376044746387,53.6328075929353,37,35.818396515148,11.0718919087722,66.656769532265,0.469697461794177
Nigeria,Rivers,NMR,34.6472218412909,20.2690252557458,58.6146457268855,37,35.818396515148,11.0718919087722,66.656769532265,0.424132083049774
Nigeria,Lagos,NMR,33.0487818100233,19.1853409589067,56.3544363965592,37,35.818396515148,11.0718919087722,66.656769532265,0.395375340215964
Nigeria,Ekiti,NMR,31.0736704772089,13.4487946688536,70.1537677897395,37,35.818396515148,11.0718919087722,66.656769532265,0.359842090575782
Nigeria,Oyo,NMR,30.8699379782398,15.5348299929934,60.4140234711361,37,35.818396515148,11.0718919087722,66.656769532265,0.35617684010336
Nigeria,Anambra,NMR,28.4690906144419,14.9205538224071,53.6502711043248,37,35.818396515148,11.0718919087722,66.656769532265,0.31298438441316
Nigeria,Sokoto,NMR,28.3970263086474,17.6861531055301,45.2953859104847,37,35.818396515148,11.0718919087722,66.656769532265,0.31168791118383
Nigeria,Niger,NMR,28.172631263478,14.3948979678994,54.4094157076422,37,35.818396515148,11.0718919087722,66.656769532265,0.307650931077668
Nigeria,Osun,NMR,27.70241278322,11.2812665562809,66.4206205755042,37,35.818396515148,11.0718919087722,66.656769532265,0.299191463316617
Nigeria,Bayelsa,NMR,26.4777851156885,14.8085333759255,46.9047136382221,37,35.818396515148,11.0718919087722,66.656769532265,0.277159793555164
Nigeria,Abia,NMR,24.5363921648958,11.2311798285732,52.7627491747443,37,35.818396515148,11.0718919087722,66.656769532265,0.242233154623928
Nigeria,Enugu,NMR,20.2092801880556,10.4311446713026,38.7940865558172,37,35.818396515148,11.0718919087722,66.656769532265,0.164386226433312
Nigeria,Cross River,NMR,19.393920483692,6.25558195045595,58.5017122362547,37,35.818396515148,11.0718919087722,66.656769532265,0.149717493871078
Nigeria,Ebonyi,NMR,18.7766568994345,8.98927490770731,38.8031368698904,37,35.818396515148,11.0718919087722,66.656769532265,0.138612610481055
Nigeria,Benue,NMR,17.5974044064656,6.8206790985496,44.636184741118,37,35.818396515148,11.0718919087722,66.656769532265,0.117397263009093
Nigeria,FCT Abuja,NMR,16.8411737111343,8.14087266612894,34.51607666531,37,35.818396515148,11.0718919087722,66.656769532265,0.103792291159489
Nigeria,Delta,NMR,16.2296127779909,6.91041059428054,37.6401126394452,37,35.818396515148,11.0718919087722,66.656769532265,0.0927900013409195
Nigeria,Kwara,NMR,13.9643214682777,4.27279725099479,44.652312927999,37,35.818396515148,11.0718919087722,66.656769532265,0.0520362674736387
Nigeria,Edo,NMR,12.2244953955645,5.08610638808244,29.0887440163037,37,35.818396515148,11.0718919087722,66.656769532265,0.0207359184021155
Nigeria,Ondo,NMR,11.0718919087722,2.88198755871859,41.5653277156302,37,35.818396515148,11.0718919087722,66.656769532265,0
Nigeria,Jigawa,U5MR,162.709436961501,134.653459904077,195.29181983153,37,88.5992652225528,17.9290148221818,162.709436961501,1
Nigeria,Kebbi,U5MR,162.322214223346,114.915797080362,224.328563024396,37,88.5992652225528,17.9290148221818,162.709436961501,0.997325448203334
Nigeria,Kaduna,U5MR,156.40019452944,135.567025349894,179.769091953094,37,88.5992652225528,17.9290148221818,162.709436961501,0.956421991738706
Nigeria,Kano,U5MR,151.828400536554,128.517283025186,178.501746214511,37,88.5992652225528,17.9290148221818,162.709436961501,0.924844559339135
Nigeria,Adamawa,U5MR,149.477846145585,116.748451392226,189.414956014793,37,88.5992652225528,17.9290148221818,162.709436961501,0.908609253789973
Nigeria,Gombe,U5MR,145.284762323958,116.692386218629,179.459589140985,37,88.5992652225528,17.9290148221818,162.709436961501,0.879647576792014
Nigeria,Bauchi,U5MR,138.365446128616,105.77474086409,178.987876198628,37,88.5992652225528,17.9290148221818,162.709436961501,0.831855782203349
Nigeria,Yobe,U5MR,135.309477537592,106.31477845379,170.701342476721,37,88.5992652225528,17.9290148221818,162.709436961501,0.810748172860398
Nigeria,Zamfara,U5MR,129.596904384155,87.164107107867,188.422732744564,37,88.5992652225528,17.9290148221818,162.709436961501,0.771291366000561
Nigeria,Plateau,U5MR,129.157981568503,103.35683604558,160.248809270039,37,88.5992652225528,17.9290148221818,162.709436961501,0.768259721188604
Nigeria,Taraba,U5MR,128.087140524701,93.9082425365903,172.339750299955,37,88.5992652225528,17.9290148221818,162.709436961501,0.760863410085354
Nigeria,Katsina,U5MR,117.03974974526,85.4540897443755,158.279609852638,37,88.5992652225528,17.9290148221818,162.709436961501,0.684558958031679
Nigeria,Sokoto,U5MR,108.632005820954,78.3466102832482,148.735156953266,37,88.5992652225528,17.9290148221818,162.709436961501,0.626486576420471
Nigeria,Borno,U5MR,105.090165980894,79.9380282631747,136.97807887721,37,88.5992652225528,17.9290148221818,162.709436961501,0.602023048909463
Nigeria,Imo,U5MR,99.3871922398313,67.8889312543841,143.25361201327,37,88.5992652225528,17.9290148221818,162.709436961501,0.562632545298592
Nigeria,Nasarawa,U5MR,99.2464026725034,73.6317650558188,132.497243881346,37,88.5992652225528,17.9290148221818,162.709436961501,0.561660110177548
Nigeria,Kogi,U5MR,93.0720930672686,71.1293714098973,120.90285572723,37,88.5992652225528,17.9290148221818,162.709436961501,0.519014084464945
Nigeria,Akwa Ibom,U5MR,89.6428284502424,60.235141578628,131.400313249541,37,88.5992652225528,17.9290148221818,162.709436961501,0.495328115282411
Nigeria,Ogun,U5MR,88.9505654640415,61.2205938592863,127.534534687357,37,88.5992652225528,17.9290148221818,162.709436961501,0.49054664707026
Nigeria,Bayelsa,U5MR,75.3446633824391,49.1277183987822,113.876725163561,37,88.5992652225528,17.9290148221818,162.709436961501,0.396570528748753
Nigeria,Abia,U5MR,72.8340436518871,42.5436531310464,121.943968461557,37,88.5992652225528,17.9290148221818,162.709436961501,0.379229650103323
Nigeria,Anambra,U5MR,71.8050536451388,50.9899436217626,100.219967374516,37,88.5992652225528,17.9290148221818,162.709436961501,0.37212240458253
Nigeria,Ekiti,U5MR,66.6034349383908,34.4354340053471,124.933190033618,37,88.5992652225528,17.9290148221818,162.709436961501,0.336194765818343
Nigeria,Niger,U5MR,65.8072541556258,44.2380354017455,96.8275920399353,37,88.5992652225528,17.9290148221818,162.709436961501,0.330695536219476
Nigeria,Lagos,U5MR,65.1205215247036,45.0818895164893,93.1969069512704,37,88.5992652225528,17.9290148221818,162.709436961501,0.32595226623328
Nigeria,Rivers,U5MR,64.3139707471361,40.6625788563365,100.284128788605,37,88.5992652225528,17.9290148221818,162.709436961501,0.320381410963971
Nigeria,Benue,U5MR,60.2607074159615,40.7492904197558,88.2549682726243,37,88.5992652225528,17.9290148221818,162.709436961501,0.292385475662206
Nigeria,Ebonyi,U5MR,55.7830496190294,39.7973386978094,77.6704660039345,37,88.5992652225528,17.9290148221818,162.709436961501,0.261458243024195
Nigeria,Cross River,U5MR,46.8441376571509,24.9187882150937,86.3525498802527,37,88.5992652225528,17.9290148221818,162.709436961501,0.199717077818331
Nigeria,FCT Abuja,U5MR,45.0157232898454,26.2657793963121,76.1042859817157,37,88.5992652225528,17.9290148221818,162.709436961501,0.18708819927047
Nigeria,Enugu,U5MR,39.684553931073,23.1146515425586,67.3142142786565,37,88.5992652225528,17.9290148221818,162.709436961501,0.150265752699328
Nigeria,Oyo,U5MR,34.9693616816083,19.1356376058666,63.0623179974014,37,88.5992652225528,17.9290148221818,162.709436961501,0.117697866932788
Nigeria,Delta,U5MR,31.2202776191685,17.8225504110417,54.1343589136751,37,88.5992652225528,17.9290148221818,162.709436961501,0.0918029012527454
Nigeria,Osun,U5MR,30.7643186844546,13.4817299404048,68.6599678269042,37,88.5992652225528,17.9290148221818,162.709436961501,0.0886535877752982
Nigeria,Edo,U5MR,24.6790442635235,13.4886974939878,44.7320518147612,37,88.5992652225528,17.9290148221818,162.709436961501,0.0466225290795626
Nigeria,Ondo,U5MR,19.5928739001912,7.82394751174271,48.2047371880425,37,88.5992652225528,17.9290148221818,162.709436961501,0.0114922933185557
Nigeria,Kwara,U5MR,17.9290148221818,6.69813002496802,47.0980562595077,37,88.5992652225528,17.9290148221818,162.709436961501,0
