"iso","indicator","region","region_label","window_mid","survey_year","est_1000","lower_1000","upper_1000"
"DRC","U5MR","bas-uele","Bas-Uele","2022","2023","47.264738853939114","35.84686631629831","62.085223173322056"
"DRC","U5MR","equateur","Equateur","2022","2023","61.01170642618081","37.63276433108371","97.44394946395316"
"DRC","U5MR","haut-lomami","Haut Lomami","2022","2023","121.492184884621","79.23683613268548","181.83145547496738"
"DRC","U5MR","haut-uele","Haut uele","2022","2023","57.104561642621235","33.68888090141967","95.19217996500073"
"DRC","U5MR","haut-katanga","Haut-Katanga","2022","2023","104.28880282660246","78.7542824544948","136.87234076518118"
"DRC","U5MR","ituri","Ituri","2022","2023","95.78183476119595","72.53219768461013","125.4757273912887"
"DRC","U5MR","kasai","Kasaï","2022","2023","98.97699228353541","69.25829684451979","139.5361506362041"
"DRC","U5MR","kasai-central","Kasaï Central","2022","2023","143.65008112602771","120.80105225449365","169.98532913382707"
"DRC","U5MR","kasai-oriental","Kasaï Oriental","2022","2023","112.77468413633773","83.474778091361","150.66829448992266"
"DRC","U5MR","kinshasa","Kinshasa","2022","2023","55.4947516576354","40.55308858656765","75.50836591231341"
"DRC","U5MR","kongo-central","Kongo Central","2022","2023","76.29456013164516","43.42329919546774","130.65061994197515"
"DRC","U5MR","kwango","Kwango","2022","2023","71.24125646703128","48.346569711132624","103.79529803514642"
"DRC","U5MR","kwilu","Kwilu","2022","2023","79.31296887320805","52.19795508574773","118.7485605151748"
"DRC","U5MR","lomami","Lomami","2022","2023","101.52649630403232","71.16741818486754","142.844661528375"
"DRC","U5MR","lualaba","Lualaba","2022","2023","138.90561158832915","81.47808934717351","226.81435217369886"
"DRC","U5MR","mai-ndombe","Mai-Ndombe","2022","2023","62.29876921293476","41.54623207975923","92.4177674322571"
"DRC","U5MR","maniema","Maniema","2022","2023","127.02285840929572","100.24574618127049","159.68313621809176"
"DRC","U5MR","mongala","Mongala","2022","2023","166.56207137898616","115.7681922842372","233.7505997747406"
"DRC","U5MR","nord-ubangi","Nord Ubangi","2022","2023","74.39474075548146","47.63523314116052","114.38121071548899"
"DRC","U5MR","nord-kivu","Nord-Kivu","2022","2023","47.637101900131704","29.558384360623194","75.90834090040542"
"DRC","U5MR","sankuru","Sankuru","2022","2023","136.33964321094015","96.22597696963318","189.6661546950605"
"DRC","U5MR","sud-ubangi","Sud Ubangi","2022","2023","131.33480161314492","108.77741773669781","157.74201189943383"
"DRC","U5MR","sud-kivu","Sud-Kivu","2022","2023","85.82667848426628","63.58683077867956","114.89067337888339"
"DRC","U5MR","tanganika","Tanganika","2022","2023","69.76582032604661","44.54768014654883","107.65131498798517"
"DRC","U5MR","tshopo","Tshopo","2022","2023","65.42980108504659","43.15767646858268","98.0183459409834"
"DRC","U5MR","tshuapa","Tshuapa","2022","2023","141.43806094534017","123.14922235991192","161.94134970497012"
"ETH","U5MR","addis-ababa","Addis Ababa","2022","2025","29.798773019377833","18.842003993265145","46.82292802339037"
"ETH","U5MR","afar","Afar","2022","2025","75.12571046170314","58.40661823024632","96.14203221311028"
"ETH","U5MR","amhara","Amhara","2022","2025","36.209162153602705","22.482063368325548","57.82197265184039"
"ETH","U5MR","benishangul-gumuz","Benishangul-Gumuz","2022","2025","72.22263951210672","52.60068534753047","98.40401205313611"
"ETH","U5MR","dire-dawa","Dire Dawa","2022","2025","52.411887203081434","33.046757496249846","82.16061779341149"
"ETH","U5MR","gambela","Gambela","2022","2025","42.674863551282584","30.72886357035929","58.98232904506621"
"ETH","U5MR","harari","Harari","2022","2025","63.383483559774746","46.41440206776567","85.9969688921735"
"ETH","U5MR","oromia","Oromia","2022","2025","56.8521180821121","41.19093717385303","77.98352295433652"
"ETH","U5MR","snnpr","SNNPR","2022","2025","50.743449554458195","42.68062980510817","60.23358555586312"
"ETH","U5MR","somali","Somali","2022","2025","42.32409605160981","27.75633225521846","64.03410335065979"
"ETH","U5MR","tigray","Tigray","2022","2025","65.13271684306265","49.743429302454146","84.85787844912734"
"NGA","U5MR","abia","Abia","2022","2024","72.83404365188706","42.54365313104636","121.94396846155749"
"NGA","U5MR","adamawa","Adamawa","2022","2024","149.47784614558546","116.74845139222639","189.4149560147925"
"NGA","U5MR","akwa-ibom","Akwa Ibom","2022","2024","89.6428284502424","60.23514157862796","131.40031324954117"
"NGA","U5MR","anambra","Anambra","2022","2024","71.80505364513878","50.98994362176254","100.2199673745156"
"NGA","U5MR","bauchi","Bauchi","2022","2024","138.3654461286158","105.77474086408964","178.9878761986282"
"NGA","U5MR","bayelsa","Bayelsa","2022","2024","75.34466338243905","49.127718398782214","113.87672516356051"
"NGA","U5MR","benue","Benue","2022","2024","60.260707415961456","40.74929041975582","88.25496827262434"
"NGA","U5MR","borno","Borno","2022","2024","105.0901659808936","79.93802826317469","136.97807887720964"
"NGA","U5MR","cross-river","Cross River","2022","2024","46.844137657150895","24.91878821509373","86.35254988025267"
"NGA","U5MR","delta","Delta","2022","2024","31.220277619168456","17.82255041104167","54.13435891367512"
"NGA","U5MR","ebonyi","Ebonyi","2022","2024","55.783049619029356","39.79733869780944","77.67046600393452"
"NGA","U5MR","edo","Edo","2022","2024","24.67904426352352","13.488697493987823","44.7320518147612"
"NGA","U5MR","ekiti","Ekiti","2022","2024","66.60343493839082","34.43543400534713","124.93319003361837"
"NGA","U5MR","enugu","Enugu","2022","2024","39.684553931072955","23.114651542558644","67.31421427865648"
"NGA","U5MR","fct-abuja","FCT Abuja","2022","2024","45.015723289845376","26.265779396312123","76.1042859817157"
"NGA","U5MR","gombe","Gombe","2022","2024","145.28476232395838","116.69238621862884","179.45958914098483"
"NGA","U5MR","imo","Imo","2022","2024","99.38719223983128","67.88893125438408","143.25361201327016"
"NGA","U5MR","jigawa","Jigawa","2022","2024","162.70943696150053","134.65345990407693","195.29181983152952"
"NGA","U5MR","kaduna","Kaduna","2022","2024","156.40019452943966","135.56702534989424","179.76909195309378"
"NGA","U5MR","kano","Kano","2022","2024","151.828400536554","128.5172830251865","178.50174621451052"
"NGA","U5MR","katsina","Katsina","2022","2024","117.03974974526044","85.45408974437545","158.27960985263763"
"NGA","U5MR","kebbi","Kebbi","2022","2024","162.3222142233457","114.91579708036224","224.32856302439643"
"NGA","U5MR","kogi","Kogi","2022","2024","93.0720930672686","71.12937140989725","120.90285572723039"
"NGA","U5MR","kwara","Kwara","2022","2024","17.929014822181788","6.698130024968018","47.098056259507736"
"NGA","U5MR","lagos","Lagos","2022","2024","65.1205215247036","45.081889516489326","93.19690695127038"
"NGA","U5MR","nasarawa","Nasarawa","2022","2024","99.2464026725034","73.63176505581882","132.49724388134567"
"NGA","U5MR","niger","Niger","2022","2024","65.80725415562583","44.23803540174549","96.82759203993531"
"NGA","U5MR","ogun","Ogun","2022","2024","88.95056546404146","61.22059385928625","127.53453468735701"
"NGA","U5MR","ondo","Ondo","2022","2024","19.592873900191154","7.8239475117427135","48.20473718804252"
"NGA","U5MR","osun","Osun","2022","2024","30.764318684454615","13.481729940404799","68.65996782690424"
"NGA","U5MR","oyo","Oyo","2022","2024","34.96936168160825","19.13563760586655","63.062317997401415"
"NGA","U5MR","plateau","Plateau","2022","2024","129.15798156850323","103.35683604557994","160.24880927003863"
"NGA","U5MR","rivers","Rivers","2022","2024","64.31397074713607","40.66257885633649","100.28412878860546"
"NGA","U5MR","sokoto","Sokoto","2022","2024","108.63200582095412","78.34661028324824","148.73515695326574"
"NGA","U5MR","taraba","Taraba","2022","2024","128.08714052470094","93.90824253659027","172.33975029995497"
"NGA","U5MR","yobe","Yobe","2022","2024","135.3094775375916","106.31477845379032","170.70134247672092"
"NGA","U5MR","zamfara","Zamfara","2022","2024","129.59690438415484","87.16410710786694","188.4227327445638"
